code,country,continent
AFG,Afghanistan,Asia
ALB,Albania,Europe
ALG,Algeria,Africa
AND,Andorra,Europe
ANG,Angola,Africa
ANT,Antigua and Barbuda,North America
ARG,Argentina,South America
ARM,Armenia,Europe
ARU,Aruba,South America
ASA,American Samoa,Oceania
AUS,Australia,Oceania
AUT,Austria,Europe
AZE,Azerbaijan,Europe
BAH,Bahamas,North America
BAN,Bangladesh,Asia
BAR,Barbados,North America
BDI,Burundi,Africa
BEL,Belgium,Europe
BEN,Benin,Africa
BER,Bermuda,North America
BHU,Bhutan,Asia
BIH,Bosnia and Herzegovina,Europe
BIZ,Belize,North America
BLR,Belarus,Europe
BOL,Bolivia,South America
BOT,Botswana,Africa
BRA,Brazil,South America
BRN,Bahrain,Asia
BRU,Brunei,Asia
BUL,Bulgaria,Europe
BUR,Burkina Faso,Africa
CAF,Central African Republic,Africa
CAM,Cambodia,Asia
CAN,Canada,North America
CAY,Cayman Islands,North America
CGO,Republic of the Congo,Africa
CHA,Chad,Africa
CHI,Chile,South America
CHN,China,Asia
CIV,Ivory Coast,Africa
CMR,Cameroon,Africa
COD,Democratic Republic of the Congo,Africa
COK,Cook Islands,Oceania
COL,Colombia,South America
COM,Comoros,Africa
CPV,Cape Verde,Africa
CRC,Costa Rica,North America
CRO,Croatia,Europe
CUB,Cuba,North America
CYP,Cyprus,Europe
CZE,Czech Republic,Europe
DEN,Denmark,Europe
DJI,Djibouti,Africa
DMA,Dominica,North America
DOM,Dominican Republic,North America
ECU,Ecuador,South America
EGY,Egypt,Africa
ERI,Eritrea,Africa
ESA,El Salvador,North America
ESP,Spain,Europe
EST,Estonia,Europe
ETH,Ethiopia,Africa
FIJ,Fiji,Oceania
FIN,Finland,Europe
FRA,France,Europe
FSM,Federated States of Micronesia,Oceania
GAB,Gabon,Africa
GAM,The Gambia,Africa
GBR,Great Britain,Europe
GBS,Guinea-Bissau,Africa
GEO,Georgia,Europe
GEQ,Equatorial Guinea,Africa
GER,Germany,Europe
GHA,Ghana,Africa
GRE,Greece,Europe
GRN,Grenada,North America
GUA,Guatemala,North America
GUI,Guinea,Africa
GUM,Guam,Oceania
GUY,Guyana,South America
HAI,Haiti,North America
HKG,"Hong Kong, China",Asia
HON,Honduras,North America
HUN,Hungary,Europe
INA,Indonesia,Asia
IND,India,Asia
IRI,Iran,Asia
IRL,Ireland,Europe
IRQ,Iraq,Asia
ISL,Iceland,Europe
ISR,Israel,Asia
ISV,Virgin Islands,North America
ITA,Italy,Europe
IVB,British Virgin Islands,North America
JAM,Jamaica,North America
JOR,Jordan,Asia
JPN,Japan,Asia
KAZ,Kazakhstan,Asia
KEN,Kenya,Africa
KGZ,Kyrgyzstan,Asia
KIR,Kiribati,Oceania
KOR,South Korea,Asia
KOS,Kosovo,Europe
KSA,Saudi Arabia,Asia
KUW,Kuwait,Asia
LAO,Laos,Asia
LAT,Latvia,Europe
LBA,Libya,Africa
LBN,Lebanon,Asia
LBR,Liberia,Africa
LCA,Saint Lucia,North America
LES,Lesotho,Africa
LIE,Liechtenstein,Europe
LTU,Lithuania,Europe
LUX,Luxembourg,Europe
MAD,Madagascar,Africa
MAR,Morocco,Africa
MAS,Malaysia,Asia
MAW,Malawi,Africa
MDA,Moldova,Europe
MDV,Maldives,Asia
MEX,Mexico,North America
MGL,Mongolia,Asia
MHL,Marshall Islands,Oceania
MKD,North Macedonia,Europe
MLI,Mali,Africa
MLT,Malta,Europe
MNE,Montenegro,Europe
MON,Monaco,Europe
MOZ,Mozambique,Africa
MRI,Mauritius,Africa
MTN,Mauritania,Africa
MYA,Myanmar,Asia
NAM,Namibia,Africa
NCA,Nicaragua,North America
NED,Netherlands,Europe
NEP,Nepal,Asia
NGR,Nigeria,Africa
NIG,Niger,Africa
NOR,Norway,Europe
NRU,Nauru,Oceania
NZL,New Zealand,Oceania
OMA,Oman,Asia
PAK,Pakistan,Asia
PAN,Panama,North America
PAR,Paraguay,South America
PER,Peru,South America
PHI,Philippines,Asia
PLE,Palestine,Asia
PLW,Palau,Oceania
PNG,Papua New Guinea,Oceania
POL,Poland,Europe
POR,Portugal,Europe
PRK,North Korea,Asia
PUR,Puerto Rico,North America
QAT,Qatar,Asia
ROU,Romania,Europe
RSA,South Africa,Africa
RUS,Russia,Europe
RWA,Rwanda,Africa
SAM,Samoa,Oceania
SEN,Senegal,Africa
SEY,Seychelles,Africa
SGP,Singapore,Asia
SKN,Saint Kitts and Nevis,North America
SLE,Sierra Leone,Africa
SLO,Slovenia,Europe
SMR,San Marino,Europe
SOL,Solomon Islands,Oceania
SOM,Somalia,Africa
SRB,Serbia,Europe
SRI,Sri Lanka,Asia
SSD,South Sudan,Africa
STP,Sao Tome and Principe,Africa
SUD,Sudan,Africa
SUI,Switzerland,Europe
SUR,Suriname,South America
SVK,Slovakia,Europe
SWE,Sweden,Europe
SWZ,Eswatini,Africa
SYR,Syria,Asia
TAN,Tanzania,Africa
TGA,Tonga,Oceania
THA,Thailand,Asia
TJK,Tajikistan,Asia
TKM,Turkmenistan,Asia
TLS,East Timor,Asia
TOG,Togo,Africa
TPE,Chinese Taipei,Asia
TTO,Trinidad and Tobago,North America
TUN,Tunisia,Africa
TUR,Turkey,Asia
TUV,Tuvalu,Oceania
UAE,United Arab Emirates,Asia
UGA,Uganda,Africa
UKR,Ukraine,Europe
URU,Uruguay,South America
USA,United States,North America
UZB,Uzbekistan,Asia
VAN,Vanuatu,Oceania
VEN,Venezuela,South America
VIE,Vietnam,Asia
VIN,Saint Vincent and the Grenadines,North America
YEM,Yemen,Asia
ZAM,Zambia,Africa
ZIM,Zimbabwe,Africa
AHO,Netherlands Antilles,North America
ANZ,Australasia,Oceania
BOH,Bohemia,Europe
BWI,British West Indies,North America
EUA,United Team of Germany,Europe
EUN,Unified Team,Europe
FRG,West Germany,Europe
GDR,East Germany,Europe
RU1,Russian Empire,Europe
SCG,Serbia and Montenegro,Europe
TCH,Czechoslovakia,Europe
URS,Soviet Union,Europe
YUG,Yugoslavia,Europe
ZZX,Mixed team,Europe
